texture,index,character,unicode
jafont_1,0,バ,U+30D0
jafont_1,1,ば,U+3070
jafont_1,2,ビ,U+30D3
jafont_1,3,び,U+3073
jafont_1,4,ブ,U+30D6
jafont_1,5,ぶ,U+3076
jafont_1,6,ベ,U+30D9
jafont_1,7,べ,U+3079
jafont_1,8,ボ,U+30DC
jafont_1,9,ぼ,U+307C
jafont_1,10,ガ,U+30AC
jafont_1,11,が,U+304C
jafont_1,12,ギ,U+30AE
jafont_1,13,ぎ,U+304E
jafont_1,14,グ,U+30B0
jafont_1,15,ぐ,U+3050
jafont_1,16,ゲ,U+30B2
jafont_1,17,げ,U+3052
jafont_1,18,ゴ,U+30B4
jafont_1,19,ご,U+3054
jafont_1,20,ザ,U+30B6
jafont_1,21,ざ,U+3056
jafont_1,22,ジ,U+30B8
jafont_1,23,じ,U+3058
jafont_1,24,ズ,U+30BA
jafont_1,25,ず,U+305A
jafont_1,26,ゼ,U+30BC
jafont_1,27,ぜ,U+305C
jafont_1,28,ゾ,U+30BE
jafont_1,29,ぞ,U+305E
jafont_1,30,ダ,U+30C0
jafont_1,31,だ,U+3060
jafont_1,32,ヂ,U+30C2
jafont_1,33,ぢ,U+3062
jafont_1,34,ヅ,U+30C5
jafont_1,35,づ,U+3065
jafont_1,36,デ,U+30C7
jafont_1,37,で,U+3067
jafont_1,38,ド,U+30C9
jafont_1,39,ど,U+3069
jafont_1,40,ヴ,U+30F4
jafont_1,41,パ,U+30D1
jafont_1,42,ぱ,U+3071
jafont_1,43,ピ,U+30D4
jafont_1,44,ぴ,U+3074
jafont_1,45,プ,U+30D7
jafont_1,46,ぷ,U+3077
jafont_1,47,ペ,U+30DA
jafont_1,48,ぺ,U+307A
jafont_1,49,ポ,U+30DD
jafont_1,50,ぽ,U+307D
jafont_1,51,０,U+FF10
jafont_1,52,１,U+FF11
jafont_1,53,２,U+FF12
jafont_1,54,３,U+FF13
jafont_1,55,４,U+FF14
jafont_1,56,５,U+FF15
jafont_1,57,６,U+FF16
jafont_1,58,７,U+FF17
jafont_1,59,８,U+FF18
jafont_1,60,９,U+FF19
jafont_1,61,、,U+3001
jafont_1,62,。,U+3002
jafont_1,63,　,U+3000
jafont_1,64,ハ,U+30CF
jafont_1,65,は,U+306F
jafont_1,66,ヒ,U+30D2
jafont_1,67,ひ,U+3072
jafont_1,68,フ,U+30D5
jafont_1,69,ふ,U+3075
jafont_1,70,ヘ,U+30D8
jafont_1,71,へ,U+3078
jafont_1,72,ホ,U+30DB
jafont_1,73,ほ,U+307B
jafont_1,74,カ,U+30AB
jafont_1,75,か,U+304B
jafont_1,76,キ,U+30AD
jafont_1,77,き,U+304D
jafont_1,78,ク,U+30AF
jafont_1,79,く,U+304F
jafont_1,80,ケ,U+30B1
jafont_1,81,け,U+3051
jafont_1,82,コ,U+30B3
jafont_1,83,こ,U+3053
jafont_1,84,サ,U+30B5
jafont_1,85,さ,U+3055
jafont_1,86,シ,U+30B7
jafont_1,87,し,U+3057
jafont_1,88,ス,U+30B9
jafont_1,89,す,U+3059
jafont_1,90,セ,U+30BB
jafont_1,91,せ,U+305B
jafont_1,92,ソ,U+30BD
jafont_1,93,そ,U+305D
jafont_1,94,タ,U+30BF
jafont_1,95,た,U+305F
jafont_1,96,チ,U+30C1
jafont_1,97,ち,U+3061
jafont_1,98,ツ,U+30C4
jafont_1,99,つ,U+3064
jafont_1,100,テ,U+30C6
jafont_1,101,て,U+3066
jafont_1,102,ト,U+30C8
jafont_1,103,と,U+3068
jafont_1,104,ウ,U+30A6
jafont_1,105,う,U+3046
jafont_1,106,ア,U+30A2
jafont_1,107,あ,U+3042
jafont_1,108,イ,U+30A4
jafont_1,109,い,U+3044
jafont_1,110,エ,U+30A8
jafont_1,111,え,U+3048
jafont_1,112,オ,U+30AA
jafont_1,113,お,U+304A
jafont_1,114,ナ,U+30CA
jafont_1,115,な,U+306A
jafont_1,116,ニ,U+30CB
jafont_1,117,に,U+306B
jafont_1,118,ヌ,U+30CC
jafont_1,119,ぬ,U+306C
jafont_1,120,ネ,U+30CD
jafont_1,121,ね,U+306D
jafont_1,122,ノ,U+30CE
jafont_1,123,の,U+306E
jafont_1,124,マ,U+30DE
jafont_1,125,ま,U+307E
jafont_1,126,ミ,U+30DF
jafont_1,127,み,U+307F
jafont_1,128,ム,U+30E0
jafont_1,129,む,U+3080
jafont_1,130,メ,U+30E1
jafont_1,131,め,U+3081
jafont_1,132,モ,U+30E2
jafont_1,133,も,U+3082
jafont_1,134,ラ,U+30E9
jafont_1,135,ら,U+3089
jafont_1,136,リ,U+30EA
jafont_1,137,り,U+308A
jafont_1,138,ル,U+30EB
jafont_1,139,る,U+308B
jafont_1,140,レ,U+30EC
jafont_1,141,れ,U+308C
jafont_1,142,ロ,U+30ED
jafont_1,143,ろ,U+308D
jafont_1,144,ヤ,U+30E4
jafont_1,145,や,U+3084
jafont_1,146,ユ,U+30E6
jafont_1,147,ゆ,U+3086
jafont_1,148,ヨ,U+30E8
jafont_1,149,よ,U+3088
jafont_1,150,ワ,U+30EF
jafont_1,151,わ,U+308F
jafont_1,152,ン,U+30F3
jafont_1,153,ん,U+3093
jafont_1,154,ヲ,U+30F2
jafont_1,155,を,U+3092
jafont_1,156,ッ,U+30C3
jafont_1,157,っ,U+3063
jafont_1,158,ャ,U+30E3
jafont_1,159,ゃ,U+3083
jafont_1,160,ュ,U+30E5
jafont_1,161,ゅ,U+3085
jafont_1,162,ョ,U+30E7
jafont_1,163,ょ,U+3087
jafont_1,164,ァ,U+30A1
jafont_1,165,ぁ,U+3041
jafont_1,166,ィ,U+30A3
jafont_1,167,ぃ,U+3043
jafont_1,168,ゥ,U+30A5
jafont_1,169,ぅ,U+3045
jafont_1,170,ェ,U+30A7
jafont_1,171,ぇ,U+3047
jafont_1,172,ォ,U+30A9
jafont_1,173,ぉ,U+3049
jafont_1,174,！,U+FF01
jafont_1,175,？,U+FF1F
jafont_1,176,『,U+300E
jafont_1,177,』,U+300F
jafont_1,178,．,U+FF0E
jafont_1,179,＋,U+FF0B
jafont_1,180,Ａ,U+FF21
jafont_1,181,Ｂ,U+FF22
jafont_1,182,Ｃ,U+FF23
jafont_1,183,Ｄ,U+FF24
jafont_1,184,Ｅ,U+FF25
jafont_1,185,Ｆ,U+FF26
jafont_1,186,Ｇ,U+FF27
jafont_1,187,Ｈ,U+FF28
jafont_1,188,Ｉ,U+FF29
jafont_1,189,Ｊ,U+FF2A
jafont_1,190,Ｋ,U+FF2B
jafont_1,191,Ｌ,U+FF2C
jafont_1,192,Ｍ,U+FF2D
jafont_1,193,Ｎ,U+FF2E
jafont_1,194,Ｏ,U+FF2F
jafont_1,195,Ｐ,U+FF30
jafont_1,196,Ｑ,U+FF31
jafont_1,197,Ｒ,U+FF32
jafont_1,198,Ｓ,U+FF33
jafont_1,199,Ｔ,U+FF34
jafont_1,200,Ｕ,U+FF35
jafont_1,201,Ｖ,U+FF36
jafont_1,202,Ｗ,U+FF37
jafont_1,203,Ｘ,U+FF38
jafont_1,204,Ｙ,U+FF39
jafont_1,205,Ｚ,U+FF3A
jafont_1,206,・,U+30FB
jafont_1,207,＊,U+FF0A
jafont_1,208,ー,U+30FC
jafont_1,209,～,U+FF5E
jafont_1,210,⋯,U+22EF
jafont_1,211,％,U+FF05
jafont_1,212,／,U+FF0F
jafont_1,213,：,U+FF1A
jafont_1,214,＆,U+FF06
jafont_1,215,【,U+3010
jafont_1,216,】,U+3011
jafont_1,217,,
jafont_1,218,→,U+2192
jafont_1,219,α,U+03B1
jafont_1,220,β,U+03B2
jafont_1,221,「,U+300C
jafont_1,222,」,U+300D
jafont_1,223,（,U+FF08
jafont_1,224,）,U+FF09
jafont_1,225,−,U+2212
jafont_1,226,＝,U+FF1D
jafont_1,227,,
jafont_1,228,,
jafont_1,229,,
jafont_1,230,???,[NEEDS_REVIEW]
jafont_1,231,,
jafont_1,232,,
jafont_1,233,,
jafont_1,234,,
jafont_1,235,,
jafont_1,236,,
jafont_1,237,,
jafont_1,238,,
jafont_1,239,,
jafont_1,240,,
jafont_1,241,,
jafont_1,242,,
jafont_1,243,,
jafont_1,244,,
jafont_1,245,,
jafont_1,246,,
jafont_1,247,,
jafont_1,248,,
jafont_1,249,,
jafont_1,250,,
jafont_1,251,,
jafont_1,252,,
jafont_1,253,,
jafont_1,254,,
jafont_1,255,,
jafont_2,0,必,U+5FC5
jafont_2,1,殺,U+6BBA
jafont_2,2,技,U+6280
jafont_2,3,地,U+5730
jafont_2,4,獄,U+7344
jafont_2,5,火,U+706B
jafont_2,6,炎,U+708E
jafont_2,7,裁,U+88C1
jafont_2,8,雷,U+96F7
jafont_2,9,大,U+5927
jafont_2,10,怒,U+6012
jafont_2,11,斬,U+65AC
jafont_2,12,鉄,U+9244
jafont_2,13,剣,U+5263
jafont_2,14,槍,U+69CD
jafont_2,15,海,U+6D77
jafont_2,16,衝,U+885D
jafont_2,17,聖,U+8056
jafont_2,18,審,U+5BE9
jafont_2,19,判,U+5224
jafont_2,20,転,U+8EE2
jafont_2,21,生,U+751F
jafont_2,22,改,U+6539
jafont_2,23,暗,U+6697
jafont_2,24,黒,U+9ED2
jafont_2,25,釜,U+91DC
jafont_2,26,天,U+5929
jafont_2,27,崩,U+5D29
jafont_2,28,壊,U+58CA
jafont_2,29,零,U+96F6
jafont_2,30,式,U+5F0F
jafont_2,31,自,U+81EA
jafont_2,32,爆,U+7206
jafont_2,33,使,U+4F7F
jafont_2,34,放,U+653E
jafont_2,35,射,U+5C04
jafont_2,36,臭,U+81ED
jafont_2,37,息,U+606F
jafont_2,38,死,U+6B7B
jafont_2,39,宣,U+5BA3
jafont_2,40,告,U+544A
jafont_2,41,凶,U+51F6
jafont_2,42,破,U+7834
jafont_2,43,晄,U+6644
jafont_2,44,撃,U+6483
jafont_2,45,画,U+753B
jafont_2,46,龍,U+9F8D
jafont_2,47,晴,U+6674
jafont_2,48,点,U+70B9
jafont_2,49,睛,U+775B
jafont_2,50,超,U+8D85
jafont_2,51,究,U+7A76
jafont_2,52,武,U+6B66
jafont_2,53,神,U+795E
jafont_2,54,覇,U+8987
jafont_2,55,癒,U+7652
jafont_2,56,風,U+98A8
jafont_2,57,邪,U+90AA
jafont_2,58,気,U+6C17
jafont_2,59,封,U+5C01
jafont_2,60,印,U+5370
jafont_2,61,吹,U+5439
jafont_2,62,烙,U+70D9
jafont_2,63,星,U+661F
jafont_2,64,守,U+5B88
jafont_2,65,護,U+8B77
jafont_2,66,命,U+547D
jafont_2,67,鼓,U+9F13
jafont_2,68,動,U+52D5
jafont_2,69,福,U+798F
jafont_2,70,音,U+97F3
jafont_2,71,掌,U+638C
jafont_2,72,打,U+6253
jafont_2,73,水,U+6C34
jafont_2,74,面,U+9762
jafont_2,75,蹴,U+8E74
jafont_2,76,乱,U+4E71
jafont_2,77,闘,U+95D8
jafont_2,78,合,U+5408
jafont_2,79,体,U+4F53
jafont_2,80,疾,U+75BE
jafont_2,81,迅,U+8FC5
jafont_2,82,明,U+660E
jafont_2,83,鏡,U+93E1
jafont_2,84,止,U+6B62
jafont_2,85,抜,U+629C
jafont_2,86,山,U+5C71
jafont_2,87,蓋,U+84CB
jafont_2,88,世,U+4E16
jafont_2,89,血,U+8840
jafont_2,90,祭,U+796D
jafont_2,91,鎧,U+93A7
jafont_2,92,袖,U+8896
jafont_2,93,一,U+4E00
jafont_2,94,触,U+89E6
jafont_2,95,者,U+8005
jafont_2,96,滅,U+6EC5
jafont_2,97,森,U+68EE
jafont_2,98,羅,U+7F85
jafont_2,99,万,U+4E07
jafont_2,100,象,U+8C61
jafont_2,101,装,U+88C5
jafont_2,102,備,U+5099
jafont_2,103,器,U+5668
jafont_2,104,攻,U+653B
jafont_2,105,魔,U+9B54
jafont_2,106,法,U+6CD5
jafont_2,107,召,U+53EC
jafont_2,108,喚,U+559A
jafont_2,109,獣,U+7363
jafont_2,110,呼,U+547C
jafont_2,111,出,U+51FA
jafont_2,112,持,U+6301
jafont_2,113,相,U+76F8
jafont_2,114,手,U+624B
jafont_2,115,物,U+7269
jafont_2,116,確,U+78BA
jafont_2,117,率,U+7387
jafont_2,118,弱,U+5F31
jafont_2,119,投,U+6295
jafont_2,120,付,U+4ED8
jafont_2,121,与,U+4E0E
jafont_2,122,変,U+5909
jafont_2,123,化,U+5316
jafont_2,124,片,U+7247
jafont_2,125,方,U+65B9
jafont_2,126,行,U+884C
jafont_2,127,決,U+6C7A
jafont_2,128,定,U+5B9A
jafont_2,129,分,U+5206
jafont_2,130,直,U+76F4
jafont_2,131,前,U+524D
jafont_2,132,真,U+771F
jafont_2,133,似,U+4F3C
jafont_2,134,覚,U+899A
jafont_2,135,列,U+5217
jafont_2,136,後,U+5F8C
jafont_2,137,位,U+4F4D
jafont_2,138,置,U+7F6E
jafont_2,139,防,U+9632
jafont_2,140,御,U+5FA1
jafont_2,141,発,U+767A
jafont_2,142,回,U+56DE
jafont_2,143,連,U+9023
jafont_2,144,続,U+7D9A
jafont_2,145,敵,U+6575
jafont_2,146,全,U+5168
jafont_2,147,即,U+5373
jafont_2,148,効,U+52B9
jafont_2,149,果,U+679C
jafont_2,150,尾,U+5C3E
jafont_2,151,毒,U+6BD2
jafont_2,152,消,U+6D88
jafont_2,153,金,U+91D1
jafont_2,154,針,U+91DD
jafont_2,155,乙,U+4E59
jafont_2,156,女,U+5973
jafont_2,157,興,U+8208
jafont_2,158,奮,U+596E
jafont_2,159,剤,U+5264
jafont_2,160,鎮,U+93AE
jafont_2,161,静,U+9759
jafont_2,162,能,U+80FD
jafont_2,163,薬,U+85AC
jafont_2,164,英,U+82F1
jafont_2,165,雄,U+96C4
jafont_2,166,榴,U+69B4
jafont_2,167,弾,U+5F3E
jafont_2,168,右,U+53F3
jafont_2,169,腕,U+8155
jafont_2,170,砂,U+7802
jafont_2,171,時,U+6642
jafont_2,172,計,U+8A08
jafont_2,173,糸,U+7CF8
jafont_2,174,戦,U+6226
jafont_2,175,惑,U+60D1
jafont_2,176,草,U+8349
jafont_2,177,牙,U+7259
jafont_2,178,南,U+5357
jafont_2,179,極,U+6975
jafont_2,180,冷,U+51B7
jafont_2,181,結,U+7D50
jafont_2,182,晶,U+6676
jafont_2,183,電,U+96FB
jafont_2,184,鳥,U+9CE5
jafont_2,185,角,U+89D2
jafont_2,186,有,U+6709
jafont_2,187,害,U+5BB3
jafont_2,188,質,U+8CEA
jafont_2,189,爪,U+722A
jafont_2,190,光,U+5149
jafont_2,191,月,U+6708
jafont_2,192,反,U+53CD
jafont_2,193,巨,U+5DE8
jafont_2,194,目,U+76EE
jafont_2,195,砲,U+7832
jafont_2,196,重,U+91CD
jafont_2,197,力,U+529B
jafont_2,198,球,U+7403
jafont_2,199,空,U+7A7A
jafont_2,200,双,U+53CC
jafont_2,201,野,U+91CE
jafont_2,202,菜,U+83DC
jafont_2,203,実,U+5B9F
jafont_2,204,兵,U+5175
jafont_2,205,単,U+5358
jafont_2,206,毛,U+6BDB
jafont_2,207,茶,U+8336
jafont_2,208,色,U+8272
jafont_2,209,髪,U+9AEA
jafont_2,210,,
jafont_2,211,,
jafont_2,212,,
jafont_2,213,,
jafont_2,214,,
jafont_2,215,,
jafont_2,216,,
jafont_2,217,,
jafont_2,218,,
jafont_2,219,,
jafont_2,220,,
jafont_2,221,,
jafont_2,222,,
jafont_2,223,,
jafont_2,224,[,U+005B
jafont_2,225,],U+005D
jafont_2,226,;,U+003B
jafont_2,227,’,U+2019
jafont_2,228,‘,U+2018
jafont_2,229,¥,U+00A5
jafont_2,230,",",U+002C
jafont_2,231,/,U+002F
jafont_2,232,^,U+005E
jafont_2,233,@,U+0040
jafont_2,234,_,U+005F
jafont_2,235,↑,U+2191
jafont_2,236,←,U+2190
jafont_2,237,↓,U+2193
jafont_2,238,漢,U+6F22
jafont_2,239,,
jafont_2,240,,
jafont_2,241,,
jafont_2,242,,
jafont_2,243,,
jafont_2,244,,
jafont_2,245,,
jafont_2,246,,
jafont_2,247,,
jafont_2,248,,
jafont_2,249,,
jafont_2,250,,
jafont_2,251,,
jafont_2,252,,
jafont_2,253,,
jafont_2,254,,
jafont_2,255,,
jafont_3,0,安,U+5B89
jafont_3,1,香,U+9999
jafont_3,2,花,U+82B1
jafont_3,3,会,U+4F1A
jafont_3,4,員,U+54E1
jafont_3,5,蜂,U+8702
jafont_3,6,蜜,U+871C
jafont_3,7,館,U+9928
jafont_3,8,下,U+4E0B
jafont_3,9,着,U+7740
jafont_3,10,入,U+5165
jafont_3,11,先,U+5148
jafont_3,12,不,U+4E0D
jafont_3,13,子,U+5B50
jafont_3,14,供,U+4F9B
jafont_3,15,屋,U+5C4B
jafont_3,16,商,U+5546
jafont_3,17,品,U+54C1
jafont_3,18,景,U+666F
jafont_3,19,交,U+4EA4
jafont_3,20,換,U+63DB
jafont_3,21,階,U+968E
jafont_3,22,模,U+6A21
jafont_3,23,型,U+578B
jafont_3,24,部,U+90E8
jafont_3,25,離,U+96E2
jafont_3,26,場,U+5834
jafont_3,27,所,U+6240
jafont_3,28,仲,U+4EF2
jafont_3,29,間,U+9593
jafont_3,30,無,U+7121
jafont_3,31,制,U+5236
jafont_3,32,限,U+9650
jafont_3,33,殿,U+6BBF
jafont_3,34,様,U+69D8
jafont_3,35,秘,U+79D8
jafont_3,36,氷,U+6C37
jafont_3,37,河,U+6CB3
jafont_3,38,図,U+56F3
jafont_3,39,何,U+4F55
jafont_3,40,材,U+6750
jafont_3,41,料,U+6599
jafont_3,42,雪,U+96EA
jafont_3,43,上,U+4E0A
jafont_3,44,進,U+9032
jafont_3,45,事,U+4E8B
jafont_3,46,古,U+53E4
jafont_3,47,代,U+4EE3
jafont_3,48,種,U+7A2E
jafont_3,49,鍵,U+9375
jafont_3,50,娘,U+5A18
jafont_3,51,紙,U+7D19
jafont_3,52,町,U+753A
jafont_3,53,住,U+4F4F
jafont_3,54,奥,U+5965
jafont_3,55,眠,U+7720
jafont_3,56,楽,U+697D
jafont_3,57,最,U+6700
jafont_3,58,初,U+521D
jafont_3,59,村,U+6751
jafont_3,60,雨,U+96E8
jafont_3,61,釘,U+91D8
jafont_3,62,陸,U+9678
jafont_3,63,吉,U+5409
jafont_3,64,揮,U+63EE
jafont_3,65,叢,U+53E2
jafont_3,66,雲,U+96F2
jafont_3,67,軍,U+8ECD
jafont_3,68,異,U+7570
jafont_3,69,常,U+5E38
jafont_3,70,通,U+901A
jafont_3,71,威,U+5A01
jafont_3,72,父,U+7236
jafont_3,73,蛇,U+86C7
jafont_3,74,矛,U+77DB
jafont_3,75,青,U+9752
jafont_3,76,偃,U+5043
jafont_3,77,刀,U+5200
jafont_3,78,戟,U+621F
jafont_3,79,十,U+5341
jafont_3,80,字,U+5B57
jafont_3,81,裏,U+88CF
jafont_3,82,車,U+8ECA
jafont_3,83,円,U+5186
jafont_3,84,輪,U+8F2A
jafont_3,85,卍,U+534D
jafont_3,86,折,U+6298
jafont_3,87,鶴,U+9DB4
jafont_3,88,倶,U+5036
jafont_3,89,戴,U+6234
jafont_3,90,螺,U+87BA
jafont_3,91,貝,U+8C9D
jafont_3,92,突,U+7A81
jafont_3,93,銀,U+9280
jafont_3,94,玉,U+7389
jafont_3,95,正,U+6B63
jafont_3,96,宗,U+5B97
jafont_3,97,具,U+5177
jafont_3,98,甲,U+7532
jafont_3,99,烈,U+70C8
jafont_3,100,属,U+5C5E
jafont_3,101,性,U+6027
jafont_3,102,吸,U+5438
jafont_3,103,収,U+53CE
jafont_3,104,半,U+534A
jafont_3,105,減,U+6E1B
jafont_3,106,土,U+571F
jafont_3,107,高,U+9AD8
jafont_3,108,級,U+7D1A
jafont_3,109,状,U+72B6
jafont_3,110,態,U+614B
jafont_3,111,縁,U+7E01
jafont_3,112,闇,U+95C7
jafont_3,113,睡,U+7761
jafont_3,114,石,U+77F3
jafont_3,115,徐,U+5F90
jafont_3,116,々,U+3005
jafont_3,117,的,U+7684
jafont_3,118,指,U+6307
jafont_3,119,混,U+6DF7
jafont_3,120,呪,U+546A
jafont_3,121,開,U+958B
jafont_3,122,始,U+59CB
jafont_3,123,歩,U+6B69
jafont_3,124,復,U+5FA9
jafont_3,125,盗,U+76D7
jafont_3,126,小,U+5C0F
jafont_3,127,治,U+6CBB
jafont_3,128,理,U+7406
jafont_3,129,同,U+540C
jafont_3,130,速,U+901F
jafont_3,131,遅,U+9045
jafont_3,132,逃,U+9003
jafont_3,133,去,U+53BB
jafont_3,134,視,U+8996
jafont_3,135,複,U+8907
jafont_3,136,味,U+5473
jafont_3,137,沈,U+6C88
jafont_3,138,黙,U+9ED9
jafont_3,139,還,U+9084
jafont_3,140,倍,U+500D
jafont_3,141,数,U+6570
jafont_3,142,瀕,U+7015
jafont_3,143,取,U+53D6
jafont_3,144,返,U+8FD4
jafont_3,145,人,U+4EBA
jafont_3,146,今,U+4ECA
jafont_3,147,差,U+5DEE
jafont_3,148,誰,U+8AB0
jafont_3,149,当,U+5F53
jafont_3,150,拡,U+62E1
jafont_3,151,散,U+6563
jafont_3,152,飛,U+98DB
jafont_3,153,以,U+4EE5
jafont_3,154,外,U+5916
jafont_3,155,暴,U+66B4
jafont_3,156,避,U+907F
jafont_3,157,振,U+632F
jafont_3,158,身,U+8EAB
jafont_3,159,中,U+4E2D
jafont_3,160,旋,U+65CB
jafont_3,161,津,U+6D25
jafont_3,162,波,U+6CE2
jafont_3,163,育,U+80B2
jafont_3,164,機,U+6A5F
jafont_3,165,械,U+68B0
jafont_3,166,擲,U+64F2
jafont_3,167,炉,U+7089
jafont_3,168,新,U+65B0
jafont_3,169,両,U+4E21
jafont_3,170,本,U+672C
jafont_3,171,君,U+541B
jafont_3,172,洞,U+6D1E
jafont_3,173,内,U+5185
jafont_3,174,作,U+4F5C
jafont_3,175,警,U+8B66
jafont_3,176,特,U+7279
jafont_3,177,殊,U+6B8A
jafont_3,178,板,U+677F
jafont_3,179,強,U+5F37
jafont_3,180,穴,U+7A74
jafont_3,181,隊,U+968A
jafont_3,182,族,U+65CF
jafont_3,183,亡,U+4EA1
jafont_3,184,霊,U+970A
jafont_3,185,鎖,U+9396
jafont_3,186,足,U+8DB3
jafont_3,187,刃,U+5203
jafont_3,188,頭,U+982D
jafont_3,189,怪,U+602A
jafont_3,190,奇,U+5947
jafont_3,191,虫,U+866B
jafont_3,192,跳,U+8DF3
jafont_3,193,侍,U+4F8D
jafont_3,194,左,U+5DE6
jafont_3,195,首,U+9996
jafont_3,196,潜,U+6F5C
jafont_3,197,長,U+9577
jafont_3,198,親,U+89AA
jafont_3,199,衛,U+885B
jafont_3,200,塔,U+5854
jafont_3,201,宝,U+5B9D
jafont_3,202,条,U+6761
jafont_3,203,像,U+50CF
jafont_3,204,忍,U+5FCD
jafont_3,205,謎,U+8B0E
jafont_3,206,般,U+822C
jafont_3,207,見,U+898B
jafont_3,208,報,U+5831
jafont_3,209,充,U+5145
jafont_3,210,填,U+586B
jafont_3,211,完,U+5B8C
jafont_3,212,了,U+4E86
jafont_3,213,銃,U+9283
jafont_3,214,元,U+5143
jafont_3,215,経,U+7D4C
jafont_3,216,験,U+9A13
jafont_3,217,値,U+5024
jafont_3,218,終,U+7D42
jafont_3,219,獲,U+7372
jafont_3,220,得,U+5F97
jafont_3,221,名,U+540D
jafont_3,222,悲,U+60B2
jafont_3,223,蛙,U+86D9
jafont_3,224,操,U+64CD
jafont_3,225,成,U+6210
jafont_3,226,費,U+8CBB
jafont_3,227,背,U+80CC
jafont_3,228,切,U+5207
jafont_3,229,替,U+66FF
jafont_3,230,割,U+5272
jafont_3,231,由,U+7531
jafont_3,232,閉,U+9589
jafont_3,233,記,U+8A18
jafont_3,234,憶,U+61B6
jafont_3,235,選,U+9078
jafont_3,236,番,U+756A
jafont_3,237,街,U+8857
jafont_3,238,底,U+5E95
jafont_3,239,忘,U+5FD8
jafont_3,240,都,U+90FD
jafont_3,241,過,U+904E
jafont_3,242,艇,U+8247
jafont_3,243,路,U+8DEF
jafont_3,244,運,U+904B
jafont_3,245,搬,U+642C
jafont_3,246,船,U+8239
jafont_3,247,基,U+57FA
jafont_3,248,心,U+5FC3
jafont_3,249,港,U+6E2F
jafont_3,250,未,U+672A
jafont_3,251,宿,U+5BBF
jafont_3,252,西,U+897F
jafont_3,253,道,U+9053
jafont_3,254,艦,U+8266
jafont_3,255,家,U+5BB6
jafont_4,0,由,U+7531
jafont_4,1,閉,U+9589
jafont_4,2,記,U+8A18
jafont_4,3,憶,U+61B6
jafont_4,4,選,U+9078
jafont_4,5,番,U+756A
jafont_4,6,街,U+8857
jafont_4,7,底,U+5E95
jafont_4,8,忘,U+5FD8
jafont_4,9,都,U+90FD
jafont_4,10,過,U+904E
jafont_4,11,艇,U+8247
jafont_4,12,路,U+8DEF
jafont_4,13,連,U+9023
jafont_4,14,搬,U+642C
jafont_4,15,船,U+8239
jafont_4,16,墓,U+5893
jafont_4,17,心,U+5FC3
jafont_4,18,港,U+6E2F
jafont_4,19,末,U+672B
jafont_4,20,宿,U+5BBF
jafont_4,21,西,U+897F
jafont_4,22,道,U+9053
jafont_4,23,艦,U+8266
jafont_4,24,家,U+5BB6
jafont_4,25,乗,U+4E57
jafont_4,26,竜,U+7ADC
jafont_4,27,巻,U+5DFB
jafont_4,28,迷,U+8FF7
jafont_4,29,宮,U+5BAE
jafont_4,30,絶,U+7D76
jafont_4,31,壁,U+58C1
jafont_4,32,支,U+652F
jafont_4,33,社,U+793E
jafont_4,34,久,U+4E45
jafont_4,35,件,U+4EF6
jafont_4,36,想,U+60F3
jafont_4,37,秒,U+79D2
jafont_4,38,予,U+4E88
jafont_4,39,多,U+591A
jafont_4,40,落,U+843D
jafont_4,41,受,U+53D7
jafont_4,42,組,U+7D44
jafont_4,43,余,U+4F59
jafont_4,44,系,U+7CFB
jafont_4,45,標,U+6A19
jafont_4,46,起,U+8D77
jafont_4,47,迫,U+8FEB
jafont_4,48,日,U+65E5
jafont_4,49,勝,U+52DD
jafont_4,50,形,U+5F62
jafont_4,51,引,U+5F15
jafont_4,52,現,U+73FE
jafont_4,53,解,U+89E3
jafont_4,54,除,U+9664
jafont_4,55,磁,U+78C1
jafont_4,56,互,U+4E92
jafont_4,57,口,U+53E3
jafont_4,58,廃,U+5EC3
jafont_4,59,棄,U+68C4
jafont_4,60,汚,U+6C5A
jafont_4,61,染,U+67D3
jafont_4,62,液,U+6DB2
jafont_4,63,活,U+6D3B
jafont_4,64,令,U+4EE4
jafont_4,65,副,U+526F
jafont_4,66,隠,U+96A0
jafont_4,67,主,U+4E3B
jafont_4,68,斉,U+6589
jafont_4,69,登,U+767B
jafont_4,70,温,U+6E29
jafont_4,71,泉,U+6CC9
jafont_4,72,百,U+767E
jafont_4,73,段,U+6BB5
jafont_4,74,熱,U+71B1
jafont_4,75,走,U+8D70
jafont_4,76,急,U+6025
jafont_4,77,降,U+964D
jafont_4,78,奪,U+596A
jafont_4,79,響,U+97FF
jafont_4,80,風,U+98A8
jafont_4,81,移,U+79FB
jafont_4,82,危,U+5371
jafont_4,83,戻,U+623B
jafont_4,84,遠,U+9060
jafont_4,85,吠,U+5420
jafont_4,86,軟,U+8EDF
jafont_4,87,骨,U+9AA8
jafont_4,88,言,U+8A00
jafont_4,89,葉,U+8449
jafont_4,90,震,U+9707
jafont_4,91,叫,U+53EB
jafont_4,92,噴,U+5674
jafont_4,93,舞,U+821E
jafont_4,94,狩,U+72E9
jafont_4,95,粉,U+7C89
jafont_4,96,失,U+5931
jafont_4,97,敗,U+6557
jafont_4,98,眼,U+773C
jafont_4,99,激,U+6FC0
jafont_4,100,盤,U+76E4
jafont_4,101,逆,U+9006
jafont_4,102,鱗,U+9C57
jafont_4,103,踏,U+8E0F
jafont_4,104,喰,U+55B0
jafont_4,105,盾,U+76FE
jafont_4,106,卯,U+536F
jafont_4,107,食,U+98DF
jafont_4,108,凍,U+51CD
jafont_4,109,退,U+9000
jafont_4,110,木,U+6728
jafont_4,111,吐,U+5410
jafont_4,112,線,U+7DDA
jafont_4,113,魅,U+9B45
jafont_4,114,押,U+62BC
jafont_4,115,潰,U+6F70
jafont_4,116,曲,U+66F2
jafont_4,117,翼,U+7FFC
jafont_4,118,教,U+6559
jafont_4,119,皇,U+7687
jafont_4,120,太,U+592A
jafont_4,121,陽,U+967D
jafont_4,122,界,U+754C
jafont_4,123,案,U+6848
jafont_4,124,挑,U+6311
jafont_4,125,援,U+63F4
jafont_4,126,赤,U+8D64
jafont_4,127,往,U+5F80
jafont_4,128,殴,U+6BB4
jafont_4,129,意,U+610F
jafont_4,130,東,U+6771
jafont_4,131,北,U+5317
jafont_4,132,参,U+53C2
jafont_4,133,知,U+77E5
jafont_4,134,聞,U+805E
jafont_4,135,来,U+6765
jafont_4,136,仕,U+4ED5
jafont_4,137,別,U+5225
jafont_4,138,集,U+96C6
jafont_4,139,信,U+4FE1
jafont_4,140,用,U+7528
jafont_4,141,思,U+601D
jafont_4,142,毎,U+6BCE
jafont_4,143,悪,U+60AA
jafont_4,144,枯,U+67AF
jafont_4,145,考,U+8003
jafont_4,146,然,U+7136
jafont_4,147,張,U+5F35
jafont_4,148,好,U+597D
jafont_4,149,伍,U+4F0D
jafont_4,150,早,U+65E9
jafont_4,151,各,U+5404
jafont_4,152,独,U+72EC
jafont_4,153,配,U+914D
jafont_4,154,腐,U+8150
jafont_4,155,話,U+8A71
jafont_4,156,帰,U+5E30
jafont_4,157,永,U+6C38
jafont_4,158,救,U+6551
jafont_4,159,感,U+611F
jafont_4,160,故,U+6545
jafont_4,161,売,U+58F2
jafont_4,162,浮,U+6D6E
jafont_4,163,市,U+5E02
jafont_4,164,加,U+52A0
jafont_4,165,流,U+6D41
jafont_4,166,約,U+7D04
jafont_4,167,宇,U+5B87
jafont_4,168,礼,U+793C
jafont_4,169,束,U+675F
jafont_4,170,母,U+6BCD
jafont_4,171,男,U+7537
jafont_4,172,年,U+5E74
jafont_4,173,待,U+5F85
jafont_4,174,宙,U+5B99
jafont_4,175,立,U+7ACB
jafont_4,176,残,U+6B8B
jafont_4,177,俺,U+4FFA
jafont_4,178,少,U+5C11
jafont_4,179,精,U+7CBE
jafont_4,180,士,U+58EB
jafont_4,181,私,U+79C1
jafont_4,182,険,U+967A
jafont_4,183,関,U+95A2
jafont_4,184,倒,U+5012
jafont_4,185,休,U+4F11
jafont_4,186,我,U+6211
jafont_4,187,許,U+8A31
jafont_4,188,郷,U+90F7
jafont_4,189,助,U+52A9
jafont_4,190,要,U+8981
jafont_4,191,問,U+554F
jafont_4,192,係,U+4FC2
jafont_4,193,旧,U+65E7
jafont_4,194,固,U+56FA
jafont_4,195,荒,U+8352
jafont_4,196,稼,U+7A3C
jafont_4,197,良,U+826F
jafont_4,198,議,U+8B70
jafont_4,199,導,U+5C0E
jafont_4,200,夢,U+5922
jafont_4,201,追,U+8FFD
jafont_4,202,説,U+8AAC
jafont_4,203,声,U+58F0
jafont_4,204,任,U+4EFB
jafont_4,205,柱,U+67F1
jafont_4,206,満,U+6E80
jafont_4,207,末,U+672B
jafont_4,208,顔,U+9854
jafont_4,209,旅,U+65C5
jafont_4,210,,
jafont_4,211,,
jafont_4,212,,
jafont_4,213,,
jafont_4,214,,
jafont_4,215,,
jafont_4,216,,
jafont_4,217,,
jafont_4,218,,
jafont_4,219,,
jafont_4,220,,
jafont_4,221,,
jafont_4,222,,
jafont_4,223,,
jafont_4,224,a,U+0061
jafont_4,225,b,U+0062
jafont_4,226,c,U+0063
jafont_4,227,d,U+0064
jafont_4,228,e,U+0065
jafont_4,229,f,U+0066
jafont_4,230,g,U+0067
jafont_4,231,h,U+0068
jafont_4,232,i,U+0069
jafont_4,233,j,U+006A
jafont_4,234,k,U+006B
jafont_4,235,l,U+006C
jafont_4,236,m,U+006D
jafont_4,237,n,U+006E
jafont_4,238,o,U+006F
jafont_4,239,p,U+0070
jafont_4,240,q,U+0071
jafont_4,241,r,U+0072
jafont_4,242,s,U+0073
jafont_4,243,t,U+0074
jafont_4,244,u,U+0075
jafont_4,245,v,U+0076
jafont_4,246,w,U+0077
jafont_4,247,x,U+0078
jafont_4,248,y,U+0079
jafont_4,249,z,U+007A
jafont_4,250,,
jafont_4,251,,
jafont_4,252,,
jafont_4,253,,
jafont_4,254,,
jafont_4,255,,
jafont_5,0,友,U+53CB
jafont_5,1,伝,U+4F1D
jafont_5,2,夜,U+591C
jafont_5,3,探,U+63A2
jafont_5,4,対,U+5BFE
jafont_5,5,調,U+8ABF
jafont_5,6,民,U+6C11
jafont_5,7,読,U+8AAD
jafont_5,8,占,U+5360
jafont_5,9,頼,U+983C
jafont_5,10,若,U+82E5
jafont_5,11,学,U+5B66
jafont_5,12,識,U+8B58
jafont_5,13,業,U+696D
jafont_5,14,歳,U+6B73
jafont_5,15,争,U+4E89
jafont_5,16,苦,U+82E6
jafont_5,17,織,U+7E54
jafont_5,18,困,U+56F0
jafont_5,19,答,U+7B54
jafont_5,20,準,U+6E96
jafont_5,21,恐,U+6050
jafont_5,22,認,U+8A8D
jafont_5,23,客,U+5BA2
jafont_5,24,務,U+52D9
jafont_5,25,届,U+5C4A
jafont_5,26,他,U+4ED6
jafont_5,27,再,U+518D
jafont_5,28,幸,U+5E78
jafont_5,29,役,U+5F79
jafont_5,30,縮,U+7E2E
jafont_5,31,情,U+60C5
jafont_5,32,豊,U+8C4A
jafont_5,33,夫,U+592B
jafont_5,34,近,U+8FD1
jafont_5,35,窟,U+7A9F
jafont_5,36,貢,U+8CA2
jafont_5,37,建,U+5EFA
jafont_5,38,求,U+6C42
jafont_5,39,迎,U+8FCE
jafont_5,40,賃,U+8CC3
jafont_5,41,期,U+671F
jafont_5,42,工,U+5DE5
jafont_5,43,算,U+7B97
jafont_5,44,湿,U+6E7F
jafont_5,45,難,U+96E3
jafont_5,46,保,U+4FDD
jafont_5,47,帯,U+5E2F
jafont_5,48,届,U+5C4A
jafont_5,49,凝,U+51DD
jafont_5,50,笑,U+7B11
jafont_5,51,向,U+5411
jafont_5,52,可,U+53EF
jafont_5,53,遊,U+904A
jafont_5,54,襲,U+8972
jafont_5,55,申,U+7533
jafont_5,56,次,U+6B21
jafont_5,57,国,U+56FD
jafont_5,58,素,U+7D20
jafont_5,59,題,U+984C
jafont_5,60,普,U+666E
jafont_5,61,密,U+5BC6
jafont_5,62,望,U+671B
jafont_5,63,宣,U+5BA3
jafont_5,64,泣,U+6CE3
jafont_5,65,創,U+5275
jafont_5,66,術,U+8853
jafont_5,67,演,U+6F14
jafont_5,68,輝,U+8F1D
jafont_5,69,買,U+8CB7
jafont_5,70,途,U+9014
jafont_5,71,浴,U+6D74
jafont_5,72,老,U+8001
jafont_5,73,幼,U+5E7C
jafont_5,74,利,U+5229
jafont_5,75,門,U+9580
jafont_5,76,格,U+683C
jafont_5,77,原,U+539F
jafont_5,78,管,U+7BA1
jafont_5,79,牧,U+7267
jafont_5,80,炭,U+70AD
jafont_5,81,彼,U+5F7C
jafont_5,82,房,U+623F
jafont_5,83,驚,U+9A5A
jafont_5,84,禁,U+7981
jafont_5,85,注,U+6CE8
jafont_5,86,整,U+6574
jafont_5,87,衆,U+8846
jafont_5,88,語,U+8A9E
jafont_5,89,証,U+8A3C
jafont_5,90,深,U+6DF1
jafont_5,91,層,U+5C64
jafont_5,92,査,U+67FB
jafont_5,93,渡,U+6E21
jafont_5,94,号,U+53F7
jafont_5,95,科,U+79D1
jafont_5,96,欲,U+6B32
jafont_5,97,店,U+5E97
jafont_5,98,括,U+62EC
jafont_5,99,坑,U+5751
jafont_5,100,酬,U+916C
jafont_5,101,緊,U+7DCA
jafont_5,102,研,U+7814
jafont_5,103,権,U+6A29
jafont_5,104,書,U+66F8
jafont_5,105,暇,U+6687
jafont_5,106,兄,U+5144
jafont_5,107,派,U+6D3E
jafont_5,108,造,U+9020
jafont_5,109,広,U+5E83
jafont_5,110,川,U+5DDD
jafont_5,111,賛,U+8CDB
jafont_5,112,駅,U+99C5
jafont_5,113,絡,U+7D61
jafont_5,114,在,U+5728
jafont_5,115,党,U+515A
jafont_5,116,岸,U+5CB8
jafont_5,117,服,U+670D
jafont_5,118,捜,U+635C
jafont_5,119,姉,U+59C9
jafont_5,120,敷,U+6577
jafont_5,121,胸,U+80F8
jafont_5,122,刑,U+5211
jafont_5,123,谷,U+8C37
jafont_5,124,痛,U+75DB
jafont_5,125,岩,U+5CA9
jafont_5,126,至,U+81F3
jafont_5,127,勢,U+52E2
jafont_5,128,畑,U+7551
jafont_5,129,姿,U+59FF
jafont_5,130,統,U+7D71
jafont_5,131,略,U+7565
jafont_5,132,抹,U+62B9
jafont_5,133,展,U+5C55
jafont_5,134,示,U+793A
jafont_5,135,修,U+4FEE
jafont_5,136,酸,U+9178
jafont_5,137,製,U+88FD
jafont_5,138,歓,U+6B53
jafont_5,139,援,U+63F4
jafont_5,140,障,U+969C
jafont_5,141,災,U+707D
jafont_5,142,室,U+5BA4
jafont_5,143,索,U+7D22
jafont_5,144,扉,U+6249
jafont_5,145,傷,U+50B7
jafont_5,146,録,U+9332
jafont_5,147,優,U+512A
jafont_5,148,基,U+57FA
jafont_5,149,讐,U+8B90
jafont_5,150,勇,U+52C7
jafont_5,151,司,U+53F8
jafont_5,152,境,U+5883
jafont_5,153,璧,U+74A7
jafont_5,154,医,U+533B
jafont_5,155,怖,U+6016
jafont_5,156,狙,U+72D9
jafont_5,157,協,U+5354
jafont_5,158,犯,U+72AF
jafont_5,159,資,U+8CC7
jafont_5,160,設,U+8A2D
jafont_5,161,雇,U+96C7
jafont_5,162,根,U+6839
jafont_5,163,億,U+5104
jafont_5,164,脱,U+8131
jafont_5,165,富,U+5BCC
jafont_5,166,躍,U+8E8D
jafont_5,167,純,U+7D14
jafont_5,168,写,U+5199
jafont_5,169,病,U+75C5
jafont_5,170,依,U+4F9D
jafont_5,171,到,U+5230
jafont_5,172,練,U+7DF4
jafont_5,173,順,U+9806
jafont_5,174,園,U+5712
jafont_5,175,総,U+7DCF
jafont_5,176,念,U+5FF5
jafont_5,177,維,U+7DAD
jafont_5,178,検,U+691C
jafont_5,179,朽,U+673D
jafont_5,180,圧,U+5727
jafont_5,181,補,U+88DC
jafont_5,182,公,U+516C
jafont_5,183,働,U+50CD
jafont_5,184,因,U+56E0
jafont_5,185,朝,U+671D
jafont_5,186,浪,U+6D6A
jafont_5,187,祝,U+795D
jafont_5,188,恋,U+604B
jafont_5,189,郎,U+90CE
jafont_5,190,勉,U+52C9
jafont_5,191,春,U+6625
jafont_5,192,功,U+529F
jafont_5,193,耳,U+8033
jafont_5,194,恵,U+6075
jafont_5,195,緑,U+7DD1
jafont_5,196,美,U+7F8E
jafont_5,197,辺,U+8FBA
jafont_5,198,昇,U+6607
jafont_5,199,悩,U+60A9
jafont_5,200,泊,U+6CCA
jafont_5,201,低,U+4F4E
jafont_5,202,酒,U+9152
jafont_5,203,影,U+5F71
jafont_5,204,競,U+7AF6
jafont_5,205,二,U+4E8C
jafont_5,206,矢,U+77E2
jafont_5,207,瞬,U+77AC
jafont_5,208,希,U+5E0C
jafont_5,209,志,U+5FD7
jafont_5,210,,
jafont_5,211,,
jafont_5,212,,
jafont_5,213,,
jafont_5,214,,
jafont_5,215,,
jafont_5,216,,
jafont_5,217,,
jafont_5,218,,
jafont_5,219,,
jafont_5,220,,
jafont_5,221,,
jafont_5,222,,
jafont_5,223,,
jafont_5,224,,
jafont_5,225,,
jafont_5,226,,
jafont_5,227,,
jafont_5,228,,
jafont_5,229,,
jafont_5,230,,
jafont_5,231,,
jafont_5,232,,
jafont_5,233,,
jafont_5,234,,
jafont_5,235,,
jafont_5,236,,
jafont_5,237,,
jafont_5,238,,
jafont_5,239,,
jafont_5,240,,
jafont_5,241,,
jafont_5,242,,
jafont_5,243,,
jafont_5,244,,
jafont_5,245,,
jafont_5,246,,
jafont_5,247,,
jafont_5,248,,
jafont_5,249,,
jafont_5,250,,
jafont_5,251,,
jafont_5,252,,
jafont_5,253,,
jafont_5,254,,
jafont_5,255,,
jafont_6,0,孫,U+5B6B
jafont_6,1,継,U+7D99
jafont_6,2,団,U+56E3
jafont_6,3,給,U+7D66
jafont_6,4,抗,U+6297
jafont_6,5,違,U+9055
jafont_6,6,提,U+63D0
jafont_6,7,断,U+65AD
jafont_6,8,島,U+5CF6
jafont_6,9,栄,U+6804
jafont_6,10,油,U+6CB9
jafont_6,11,就,U+5C31
jafont_6,12,僕,U+50D5
jafont_6,13,存,U+5B58
jafont_6,14,企,U+4F01
jafont_6,15,比,U+6BD4
jafont_6,16,浸,U+6D78
jafont_6,17,非,U+975E
jafont_6,18,応,U+5FDC
jafont_6,19,細,U+7D30
jafont_6,20,承,U+627F
jafont_6,21,編,U+7DE8
jafont_6,22,排,U+6392
jafont_6,23,努,U+52AA
jafont_6,24,締,U+7DE0
jafont_6,25,談,U+8AC7
jafont_6,26,趣,U+8DA3
jafont_6,27,埋,U+57CB
jafont_6,28,営,U+55B6
jafont_6,29,文,U+6587
jafont_6,30,夏,U+590F
jafont_6,31,個,U+500B
jafont_6,32,益,U+76CA
jafont_6,33,損,U+640D
jafont_6,34,額,U+984D
jafont_6,35,区,U+533A
jafont_6,36,寒,U+5BD2
jafont_6,37,簡,U+7C21
jafont_6,38,遣,U+9063
jafont_6,39,例,U+4F8B
jafont_6,40,肉,U+8089
jafont_6,41,博,U+535A
jafont_6,42,幻,U+5E7B
jafont_6,43,量,U+91CF
jafont_6,44,昔,U+6614
jafont_6,45,臓,U+81D3
jafont_6,46,負,U+8CA0
jafont_6,47,討,U+8A0E
jafont_6,48,悔,U+6094
jafont_6,49,膨,U+81A8
jafont_6,50,飲,U+98F2
jafont_6,51,妄,U+5984
jafont_6,52,越,U+8D8A
jafont_6,53,憎,U+618E
jafont_6,54,増,U+5897
jafont_6,55,枚,U+679A
jafont_6,56,皆,U+7686
jafont_6,57,愚,U+611A
jafont_6,58,療,U+7642
jafont_6,59,庫,U+5EAB
jafont_6,60,涙,U+6D99
jafont_6,61,照,U+7167
jafont_6,62,冗,U+5197
jafont_6,63,壇,U+58C7
jafont_6,64,坂,U+5742
jafont_6,65,訳,U+8A33
jafont_6,66,抱,U+62B1
jafont_6,67,薄,U+8584
jafont_6,68,義,U+7FA9
jafont_6,69,騒,U+9A12
jafont_6,70,奴,U+5974
jafont_6,71,丈,U+4E08
jafont_6,72,捕,U+6355
jafont_6,73,被,U+88AB
jafont_6,74,概,U+6982
jafont_6,75,招,U+62DB
jafont_6,76,劣,U+52A3
jafont_6,77,較,U+8F03
jafont_6,78,析,U+6790
jafont_6,79,繁,U+7E41
jafont_6,80,殖,U+6B96
jafont_6,81,耐,U+8010
jafont_6,82,論,U+8AD6
jafont_6,83,貴,U+8CB4
jafont_6,84,称,U+79F0
jafont_6,85,千,U+5343
jafont_6,86,歴,U+6B74
jafont_6,87,史,U+53F2
jafont_6,88,募,U+52DF
jafont_6,89,容,U+5BB9
jafont_6,90,噂,U+5642
jafont_6,91,壱,U+58F1
jafont_6,92,胞,U+80DE
jafont_6,93,鳴,U+9CF4
jafont_6,94,表,U+8868
jafont_6,95,雑,U+96D1
jafont_6,96,職,U+8077
jafont_6,97,妹,U+59B9
jafont_6,98,氏,U+6C0F
jafont_6,99,踊,U+8E0A
jafont_6,100,停,U+505C
jafont_6,101,罪,U+7F6A
jafont_6,102,甘,U+7518
jafont_6,103,建,U+5EFA
jafont_6,104,焼,U+713C
jafont_6,105,払,U+6255
jafont_6,106,侵,U+4FB5
jafont_6,107,頃,U+9803
jafont_6,108,愛,U+611B
jafont_6,109,便,U+4FBF
jafont_6,110,田,U+7530
jafont_6,111,舎,U+820E
jafont_6,112,孤,U+5B64
jafont_6,113,晩,U+6669
jafont_6,114,清,U+6E05
jafont_6,115,際,U+969B
jafont_6,116,領,U+9818
jafont_6,117,評,U+8A55
jafont_6,118,課,U+8AB2
jafont_6,119,勤,U+52E4
jafont_6,120,謝,U+8B1D
jafont_6,121,才,U+624D
jafont_6,122,偉,U+5049
jafont_6,123,誤,U+8AA4
jafont_6,124,価,U+4FA1
jafont_6,125,欠,U+6B20
jafont_6,126,寄,U+5BC4
jafont_6,127,忙,U+5FD9
jafont_6,128,従,U+5F93
jafont_6,129,五,U+4E94
jafont_6,130,送,U+9001
jafont_6,131,周,U+5468
jafont_6,132,頑,U+9811
jafont_6,133,労,U+52B4
jafont_6,134,植,U+690D
jafont_6,135,施,U+65BD
jafont_6,136,販,U+8CA9
jafont_6,137,台,U+53F0
jafont_6,138,度,U+5EA6
jafont_6,139,嫌,U+5ACC
jafont_6,140,諸,U+8AF8
jafont_6,141,習,U+7FD2
jafont_6,142,緒,U+7DD2
jafont_6,143,誘,U+8A98
jafont_6,144,仮,U+4EEE
jafont_6,145,借,U+501F
jafont_6,146,輩,U+8F29
jafont_6,147,席,U+5E2D
jafont_6,148,戒,U+6212
jafont_6,149,弟,U+5F1F
jafont_6,150,珍,U+73CD
jafont_6,151,酔,U+9154
jafont_6,152,試,U+8A66
jafont_6,153,騎,U+9A0E
jafont_6,154,霜,U+971C
jafont_6,155,鉱,U+9271
jafont_6,156,裕,U+88D5
jafont_6,157,票,U+7968
jafont_6,158,券,U+5238
jafont_6,159,専,U+5C02
jafont_6,160,祖,U+7956
jafont_6,161,惰,U+60F0
jafont_6,162,偶,U+5076
jafont_6,163,怠,U+6020
jafont_6,164,罰,U+7F70
jafont_6,165,熟,U+719F
jafont_6,166,牲,U+7272
jafont_6,167,燃,U+71C3
jafont_6,168,犠,U+72A0
jafont_6,169,快,U+5FEB
jafont_6,170,劇,U+5287
jafont_6,171,拠,U+62E0
jafont_6,172,厄,U+5384
jafont_6,173,抵,U+62B5
jafont_6,174,適,U+9069
jafont_6,175,程,U+7A0B
jafont_6,176,繰,U+7E70
jafont_6,177,腹,U+8179
jafont_6,178,橋,U+6A4B
jafont_6,179,白,U+767D
jafont_6,180,処,U+51E6
jafont_6,181,匹,U+5339
jafont_6,182,杯,U+676F
jafont_6,183,暑,U+6691
jafont_6,184,坊,U+574A
jafont_6,185,週,U+9031
jafont_6,186,秀,U+79C0
jafont_6,187,看,U+770B
jafont_6,188,軽,U+8EFD
jafont_6,189,幕,U+5E55
jafont_6,190,和,U+548C
jafont_6,191,平,U+5E73
jafont_6,192,王,U+738B
jafont_6,193,姫,U+59EB
jafont_6,194,庭,U+5EAD
jafont_6,195,観,U+89B3
jafont_6,196,航,U+822A
jafont_6,197,横,U+6A2A
jafont_6,198,帳,U+5E33
jafont_6,199,丘,U+4E18
jafont_6,200,亭,U+4EAD
jafont_6,201,財,U+8CA1
jafont_6,202,律,U+5F8B
jafont_6,203,布,U+5E03
jafont_6,204,規,U+898F
jafont_6,205,謀,U+8B00
jafont_6,206,積,U+7A4D
jafont_6,207,刻,U+523B
jafont_6,208,陥,U+9665
jafont_6,209,類,U+985E
jafont_6,210,,
jafont_6,211,,
jafont_6,212,,
jafont_6,213,,
jafont_6,214,,
jafont_6,215,,
jafont_6,216,,
jafont_6,217,,
jafont_6,218,,
jafont_6,219,,
jafont_6,220,,
jafont_6,221,,
jafont_6,222,,
jafont_6,223,,
jafont_6,224,,
jafont_6,225,,
jafont_6,226,,
jafont_6,227,,
jafont_6,228,,
jafont_6,229,,
jafont_6,230,,
jafont_6,231,,
jafont_6,232,,
jafont_6,233,,
jafont_6,234,,
jafont_6,235,,
jafont_6,236,,
jafont_6,237,,
jafont_6,238,,
jafont_6,239,,
jafont_6,240,,
jafont_6,241,,
jafont_6,242,,
jafont_6,243,,
jafont_6,244,,
jafont_6,245,,
jafont_6,246,,
jafont_6,247,,
jafont_6,248,,
jafont_6,249,,
jafont_6,250,,
jafont_6,251,,
jafont_6,252,,
jafont_6,253,,
jafont_6,254,,
jafont_6,255,,
